{
  "name": "ionic-audio",
  "description": "Ionic UI for the Cordova Media Plugin",
  "version": "1.2.5",
  "homepage": "https://github.com/arielfaur/ionic-audio.git",
  "license": "MIT",
  "private": false,
  "dependencies": {
    "angular": "~1.4.x",
    "angular-loader": "~1.4.x",
    "angular-mocks": "~1.4.x"
  },
  "devDependencies": {
    "ionic": "driftyco/ionic-bower#1.1.0"
  },
  "_release": "1.2.5",
  "_resolution": {
    "type": "version",
    "tag": "v1.2.5",
    "commit": "2a6875123bdcf09fb84e945606689ce4fc111e1e"
  },
  "_source": "git://github.com/arielfaur/ionic-audio.git",
  "_target": "~1.2.5",
  "_originalSource": "ionic-audio",
  "_direct": true
}